Title,Image,IsActive,Cost,manId
Super Minds. Level 4. Workbook with Online Resources,Товарышколы\701132.jpg,0,1210,38
Super Minds. Workbook 2 with Online Resources,Товарышколы\701128.jpg,1,1200,38
Eyes Open. Level 3. Student's Book,Товарышколы\700890.jpg,1,1350,38
Advanced Grammar in Use. Book without Answers,Товарышколы\700673.jpg,1,1850,38
Английский на каждый день,Товарышколы\698477.jpg,1,670,17
English for Everyone. English Vocabulary Builder,Товарышколы\715802.jpg,1,1980,7
Cracking GMAT Premium 2020 Edition. 6 Practice Tests,Товарышколы\724652.jpg,1,3140,50
Учебник английского языка. Полный курс,Товарышколы\729944.jpg,1,1000,2
Английский без страха для тех  кому за…,Товарышколы\720888.jpg,1,290,17
Grammarway 2. Teacher's Book. Elementary,Товарышколы\702075.jpg,1,910,17
Tree or Three? An elementary pronunciation course,Товарышколы\701141.jpg,1,1870,38
Prism Reading. Intro. Student's Book,Товарышколы\699858.jpg,1,2930,38
Think. Level 3. B1+. Student's Book,Товарышколы\701135.jpg,1,1640,38
Учим английский язык с енотами-полиглотами,Товарышколы\724934.jpg,1,340,17
Super Minds. Workbook 1 with Online Resources,Товарышколы\701125.jpg,1,1230,38
Говори как английская королева. The Queen's English and how to use it,Товарышколы\699791.jpg,1,420,17
Dive in! Blue,Товарышколы\729198.jpg,1,630,4
Вся грамматика английского языка в таблицах. Учебное пособие,Товарышколы\716788.jpg,1,390,2
New Enterprise A2. Workbook with digibook app,Товарышколы\701884.jpg,1,1220,17
Eyes Open Level 1 Student's Book,Товарышколы\700889.jpg,1,1340,38
Английский язык. Популярный иллюстрированный самоучитель,Товарышколы\726891.jpg,1,400,17
Grammarway 1. Book with Answers. Beginner,Товарышколы\702074.jpg,1,1270,17
Business Vocabulary in Use. Advanced. Book with Answers,Товарышколы\700674.jpg,1,2220,38
Разговорный английский в диалогах. Учебное пособие,Товарышколы\730838.jpg,1,1140,2
Английский без барьеров. For beginners,Товарышколы\722958.jpg,1,420,2
Pocket English Grammar (Карманная грамматика английского языка). Справочное пособие,Товарышколы\690825.jpg,1,390,17
Evolve. Level 1. Student's Book,Товарышколы\702640.jpg,0,1840,38
Реальный English. Как подружиться с грамматикой раз и навсегда,Товарышколы\704508.jpg,1,690,2
English Vocabulary in Use. Advanced. Book with Answers,Товарышколы\700703.jpg,0,1860,38
Быстрый английский. Тренажер по чтению,Товарышколы\715170.jpg,1,240,17
Деловой английский язык. (Бакалавриат и магистратура). Учебное пособие,Товарышколы\712853.jpg,1,1080,2
Английский язык. Самые нужные правила,Товарышколы\729858.jpg,1,180,17
Legal English. Английский язык для юристов. Учебник,Товарышколы\707289.jpg,1,2720,17
OK English! Все правила английского языка с упражнениями,Товарышколы\694544.jpg,1,370,17
Dive in! Orange,Товарышколы\729200.jpg,1,650,4
Английская грамматика. Просто и понятно: правила  модели  упражнения. Учебное пособие,Товарышколы\716808.jpg,1,2060,2
Grammar in Use. Intermediate. Student's Book without Answers,Товарышколы\700903.jpg,0,1740,38
Современная английская грамматика в таблицах,Товарышколы\721525.jpg,1,340,2
Everyday Vocabulary + Grammar. For Intermediate Students. Учебное пособие,Товарышколы\722745.jpg,1,1180,17
English for Everyone. English Idioms,Товарышколы\715801.jpg,1,2290,7
Вся грамматика английского языка. Теория и практика,Товарышколы\724335.jpg,1,410,17
Говорим по-английски,Товарышколы\706297.jpg,1,220,17
Business Vocabulary in Use. Intermediate. Book with Answers and Enhanced ebook,Товарышколы\700676.jpg,1,2690,38
Безупречная английская грамматика. Простые правила и увлекательные тесты,Товарышколы\723769.jpg,1,720,17
Exam Booster For Advanced Without Ans Key + Audio,Товарышколы\714676.jpg,1,1300,38
Grammar in Use. Intermediate. Student's Book with Answers and Interactive eBook,Товарышколы\700900.jpg,0,2380,38
Английская грамматика в схемах и таблицах,Товарышколы\713804.jpg,1,170,17
Английский язык. Тренажер по чтению,Товарышколы\710082.jpg,1,170,17
Английский язык для технических специальностей. Учебное пособие,Товарышколы\730048.jpg,0,2550,17
Интенсивный английский hibernate 4 в 1: говорим  читаем  слушаем  пишем,Товарышколы\716807.jpg,1,1840,2
Английские пословицы и поговорки. Учебное пособие,Товарышколы\714143.jpg,0,260,2
Super Minds. Level 3. Workbook with Online Resources,Товарышколы\701130.jpg,1,1200,38
Английский язык. Времена глаголов,Товарышколы\710081.jpg,1,150,17
Английский курсив: прописи,Товарышколы\715875.jpg,0,300,3
Английский язык. Фразовые глаголы,Товарышколы\710083.jpg,1,160,17
English for Beginners: Everyday English,Товарышколы\693086.jpg,1,330,18
Курс английской разговорной речи. Учебное пособие,Товарышколы\722820.jpg,1,1790,2
New Enterprise A2 Student's Book with DigiBooks App,Товарышколы\701882.jpg,1,1650,17
Business Vocabulary in Use. Advanced. Book with Answers and Enhanced ebook,Товарышколы\700675.jpg,1,2840,38
Prepare. Level 2. Student's Book,Товарышколы\701088.jpg,0,1780,38
Your Space Level 2 Student's Book,Товарышколы\701151.jpg,1,1380,38
Вся английская грамматика в схемах и таблицах,Товарышколы\729025.jpg,0,370,17
Dive in! Green,Товарышколы\729199.jpg,0,640,4
English Grammar Today Book with Workbook,Товарышколы\700707.jpg,0,4110,38
Разговорная грамматика английского языка,Товарышколы\725306.jpg,1,360,17
Think. Level 3. B1+. Workbook with Online Practice,Товарышколы\701138.jpg,1,1140,38
Английский язык за 3 месяца. Быстрый восстановитель знаний,Товарышколы\714131.jpg,1,270,17
Prepare. Level 4. B1. Student's Book,Товарышколы\701097.jpg,1,1810,38
Английский язык. Идиомы (полезные карточки),Товарышколы\729857.jpg,1,140,17
Английский язык. Все времена и глаголы в схемах и таблицах,Товарышколы\729495.jpg,1,350,17
Английский с нуля. Учебное пособие,Товарышколы\716806.jpg,1,1840,2
English Vocabulary in Use. Elementary. Book with Answers and Enhanced eBook,Товарышколы\700704.jpg,1,2380,38
Каллиграфия. Английский курсив. Самоучитель,Товарышколы\721737.jpg,0,270,3
Ship or Sheep? An intermediate pronunciation course,Товарышколы\701112.jpg,1,2210,38
Eyes Open. Level 3. Workbook with Online Practice,Товарышколы\700891.jpg,1,1110,38
New Enterprise A2 - Grammar Book (with Digibooks App),Товарышколы\701883.jpg,1,1250,17
Cracking the GRE Premium Edition with 6 Practice Tests 2020,Товарышколы\730252.jpg,1,3110,50
Prepare. Level 5. B1. Student's Book,Товарышколы\701098.jpg,1,1790,38
Английский язык для менеджеров. Учебное пособие,Товарышколы\693032.jpg,1,1280,2
Учебник английского языка. Часть 2,Товарышколы\717996.jpg,1,690,2
Быстрый английский для начинающих,Товарышколы\714137.jpg,1,230,17
Prepare. Level 3. A2. Student's Book,Товарышколы\701094.jpg,1,1810,38
Тренажер по чтению. Самый быстрый способ выучить английский язык,Товарышколы\718058.jpg,0,120,17
English Vocabulary in Use. Upper-Intermediate. Book with Answers,Товарышколы\700705.jpg,1,1890,38
Professional English for PR Students: People and Society,Товарышколы\716803.jpg,1,780,2
Английский язык. Идиомы,Товарышколы\713805.jpg,1,130,17
Elementary Vocabulary + Grammar. Foe Beginners and Pre-Intermediate Students. Учебное пособие,Товарышколы\731489.jpg,0,960,17
Самый быстрый способ выучить неправильные английские глаголы,Товарышколы\718057.jpg,1,70,17
English Grammar in Use. Book without Answers,Товарышколы\700691.jpg,0,1760,38
Английская грамматика. Самое важное. Учебное пособие (мини),Товарышколы\726085.jpg,1,80,2
Grammar in Use Intermediate Student's Book with Answers Self-study Reference and Practice,Товарышколы\700901.jpg,1,1950,38
English Grammar in Use. Book with Answers,Товарышколы\700689.jpg,1,1950,38
Английский для малышей и мам @my_english_baby. Как воспитать билингвального ребенка,Товарышколы\718408.jpg,1,390,17
Грамматический профиль. Grammar Profile. Учебное пособие,Товарышколы\710904.jpg,0,450,2
Английский язык на пальцах,Товарышколы\712495.jpg,0,360,17
Prepare. Level 2. A2. Workbook with Audio Download,Товарышколы\701093.jpg,1,1340,38
Учебник английского языка. Часть 1,Товарышколы\713136.jpg,1,710,2
Грамматика английского языка. Просто и доступно. Учебное пособие,Товарышколы\696499.jpg,0,450,2
Безупречный английский. Самоучитель для начинающих,Товарышколы\727495.jpg,1,680,17
Your Space. Level 1. Student's Book,Товарышколы\701149.jpg,1,1370,38
